INSERT INTO Facultad (id_facultad, nombre, link_web) VALUES 
    (1, 'Facultad de Ingeniería y Ciencias', 'https://fica.ufro.cl/'), 
    (2, 'Facultad de Ciencias Agropecuarias y Medioambiente', 'https://agroambiente.ufro.cl/'),
    (3, 'Facultad de Ciencias Jurídicas y Empresariales', 'https://juridicasyempresariales.ufro.cl/'),
    (4, 'Facultad de Educación, Cs. Sociales y Humanidades', 'https://humanidades.ufro.cl/'),
    (5, 'Facultad de Medicina', 'https://www.med.ufro.cl/'),
    (6, 'Facultad de Odontología', 'https://odontologia.ufro.cl/');

INSERT INTO Carrera (id_carrera, nombre, id_facultad) VALUES 
    (1, 'INGENIERÍA CIVIL ELÉCTRICA', 1),
    (2, 'INGENIERÍA CIVIL INDUSTRIAL', 1),
    (3, 'INGENIERÍA CIVIL INFORMÁTICA', 1),
    (4, 'INGENIERÍA CIVIL MECÁNICA', 1),
    (5, 'INGENIERÍA CIVIL QUÍMICA', 1),
    (6, 'PLAN COMÚN INGENIERÍA CIVIL', 1),
    (7, 'AGRONOMÍA', 2),
    (8, 'BIOTECNOLOGÍA', 2),
    (9, 'CONTADOR PÚBLICO Y AUDITOR', 3),
    (10, 'DERECHO', 3),
    (11, 'INGENIERÍA COMERCIAL', 3),
    (12, 'PEDAGOGÍA EN CASTELLANO Y COMUNICACIÓN', 4),
    (13, 'PEDAGOGÍA EN MATEMÁTICA', 4),
    (14, 'PERIODISMO', 4),
    (15, 'PSICOLOGÍA', 4),
    (16, 'ENFERMERÍA', 5),
    (17, 'KINESIOLOGÍA', 5),
    (18, 'MEDICINA', 5),
    (19, 'QUÍMICA Y FARMACIA', 5),
    (20, 'ODONTOLOGÍA', 6);

INSERT INTO Estudiante (matricula, nombre_1, apellido_1, apellido_2, sexo, telefono, correo, fecha_nacimiento, id_carrera) VALUES 
    (203042270, 'Ana', 'Leyton', 'Olate', 'H', 953999156, 'jose59@example.org', '2005-02-03', 10),
    (199248468, 'Diego', 'Ramos', 'Benítez', 'H', 918027876, 'alejandra58@example.com', '2005-02-21', 10),
    (188780426, 'José', 'Figueroa', 'González', 'M', 968091835, 'qmiranda@example.org', '1997-04-26', 7),
    (209044873, 'Regina', 'Riffo', 'Marchant', 'M', 910938694, 'pedro46@example.com', '2005-04-10', 19),
    (220841057, 'Damaris', 'González', 'Carrasco', 'H', 905263382, 'ccisternas@example.com', '1997-10-31', 20),
    (194857959, 'Luis', 'Farías', 'Valdés', 'M', 918789311, 'mariamiranda@example.net', '1999-03-15', 17),
    (205300210, 'Ámbar', 'Molina', 'Astudillo', 'H', 970877671, 'zchavez@example.net', '1998-06-08', 4),
    (220327364, 'Liam', 'Faúndez', 'Cáceres', 'M', 967908827, 'rmorales@example.com', '2004-10-06', 8),
    (194410490, 'Isabel', 'Rozas', 'Muñoz', 'M', 994670416, 'salamancamaria@example.org', '1998-03-23', 17),
    (175979105, 'Jeannette', 'Soto', 'Vergara', 'M', 986706224, 'francisca88@example.net', '1998-12-11', 13),
    (186945986, 'Haydée', 'Avendaño', 'Luengo', 'H', 963160444, 'jennytorres@example.net', '1997-10-11', 10),
    (201018312, 'Mariana', 'Medina', 'Sánchez', 'H', 925923517, 'ayalarosa@example.org', '2001-04-02', 20),
    (182500864, 'Patricia', 'Ahumada', 'González', 'H', 929306907, 'vasquezcarlos@example.net', '1997-05-18', 8),
    (222214823, 'María', 'Zapata', 'Soto', 'H', 963884797, 'rojasbenjamin@example.com', '2001-04-21', 4),
    (209175269, 'Carlos', 'González', 'Pérez', 'M', 919112768, 'karla94@example.com', '1996-12-13', 19),
    (192450451, 'Carla', 'García', 'Hermosilla', 'M', 919841437, 'rolandovasquez@example.org', '2001-06-04', 8),
    (182961453, 'Leonel', 'Bugueño', 'Leiva', 'H', 953588827, 'efuenzalida@example.org', '1999-11-29', 12),
    (205444605, 'Benjamín', 'Carreño', 'Olivares', 'H', 963386953, 'rruiz@example.net', '2001-08-13', 12),
    (194352501, 'Alexis', 'Cabezas', 'Vargas', 'H', 973896802, 'arayamagaly@example.net', '2001-02-28', 7),
    (181846558, 'Judith', 'Iturra', 'Carrasco', 'H', 998358530, 'munozpablo@example.net', '2006-02-04', 14),
    (208264457, 'Antonella', 'Barraza', 'González', 'M', 973376530, 'aguilamaria@example.net', '2004-12-01', 15),
    (200333299, 'Solange', 'Guzmán', 'Rojas', 'M', 931611385, 'carolinepizarro@example.net', '2002-09-27', 7),
    (191394611, 'Ángel', 'Santander', 'Castro', 'H', 946444848, 'olivaresclorinda@example.com', '1999-01-21', 9),
    (213469077, 'Norma', 'Gallegos', 'Pacheco', 'M', 900459172, 'luis53@example.net', '2001-01-16', 20),
    (187818300, 'Scarlette', 'Ruiz', 'Arriagada', 'H', 987512610, 'maria00@example.net', '2003-12-30', 5),
    (206532856, 'Vicente', 'Rojas', 'Garrido', 'M', 982050872, 'guillermo44@example.org', '1996-12-04', 1),
    (185683628, 'Javier', 'Lobos', 'Ramos', 'M', 917153162, 'karen82@example.net', '2004-10-17', 18),
    (213980784, 'Cristofer', 'Silva', 'Ríos', 'H', 956061090, 'peraltamaria@example.com', '1997-12-20', 16),
    (211627877, 'José', 'González', 'Blanco', 'M', 900790683, 'molinaamanda@example.com', '1999-10-15', 13),
    (197751913, 'Camila', 'Cruz', 'Aránguiz', 'H', 945349998, 'rzamora@example.net', '2006-06-19', 13),
    (178616179, 'José', 'Pérez', 'Bugueño', 'H', 924985948, 'mcardenas@example.com', '2006-06-22', 4),
    (212279452, 'Graciela', 'Becerra', 'Valenzuela', 'M', 946305839, 'hzamora@example.org', '1999-11-21', 17),
    (196558119, 'Ángel', 'Olguín', 'Bravo', 'H', 986389365, 'ovallecristian@example.net', '2004-10-16', 10),
    (188809547, 'Cristopher', 'Moncada', 'Valdés', 'H', 945700707, 'mauriciosaavedra@example.com', '1998-10-22', 13),
    (205147736, 'Camila', 'Garrido', 'Cabrera', 'M', 974296353, 'tapiaedison@example.com', '2003-08-15', 20),
    (188087020, 'Alejandro', 'Lagos', 'Ortiz', 'H', 953719977, 'rafaellaborquez@example.org', '1998-11-08', 1),
    (208416132, 'Matilde', 'Guerra', 'Fuenzalida', 'H', 993968633, 'dastudillo@example.net', '2002-11-09', 2),
    (188806353, 'Javiera', 'Riquelme', 'Arenas', 'H', 964161835, 'conchahernan@example.org', '2004-05-27', 3),
    (199239259, 'María', 'Álvarez', 'Bustamante', 'M', 986024393, 'lucrecia27@example.net', '2000-01-24', 18),
    (178231518, 'Felipe', 'González', 'Jofré', 'H', 916078727, 'marta05@example.com', '2000-09-14', 5),
    (186430577, 'Johana', 'Silva', 'Urra', 'H', 926688172, 'diana20@example.net', '2002-12-27', 7),
    (175742864, 'Exequiel', 'Mora', 'Ramírez', 'H', 985385043, 'cristiantorres@example.org', '2000-08-06', 3),
    (172542718, 'Carolina', 'Briceño', 'Acuña', 'H', 958245858, 'wcarcamo@example.com', '2003-06-05', 2),
    (204742242, 'Paulina', 'Aliaga', 'Cáceres', 'M', 993330604, 'perezcarlos@example.org', '1998-12-23', 2),
    (208894492, 'Claudia', 'Jiménez', 'Arias', 'M', 980202186, 'garridocecilia@example.org', '2000-01-10', 9),
    (172119502, 'Víctor', 'Delgado', 'Molina', 'M', 934226694, 'magdalenarodriguez@example.net', '2000-01-07', 5),
    (201095562, 'Noelia', 'Rivas', 'Araya', 'M', 905491309, 'mquinteros@example.com', '2000-06-29', 5),
    (214999378, 'Francisca', 'Pardo', 'Herrera', 'H', 981561529, 'tapiaangel@example.net', '1998-05-22', 2),
    (220655843, 'María', 'Silva', 'Navarrete', 'M', 954078197, 'rojasjorge@example.org', '2003-05-30', 7),
    (183469551, 'Vicente', 'Figueroa', 'Andrade', 'H', 903610348, 'tcarrasco@example.net', '1998-06-15', 20);

INSERT INTO Asignatura (id_asignatura, nombre, codigo, creditos, id_facultad) VALUES
(1, 'Matemáticas I', 'MAT101', 6, 1),
(2, 'Física I', 'FIS101', 6, 1),
(3, 'Química General', 'QUI101', 6, 1),
(4, 'Biología General', 'BIO101', 6, 2),
(5, 'Derecho Civil I', 'DER101', 5, 3),
(6, 'Contabilidad I', 'CON101', 5, 3),
(7, 'Psicología General', 'PSI101', 6, 4),
(8, 'Pedagogía General', 'PED101', 5, 4),
(9, 'Anatomía Humana', 'ANA101', 6, 5),
(10, 'Fisiología Humana', 'FIS102', 6, 5),
(11, 'Odontología General', 'ODO101', 5, 6),
(12, 'Ingeniería de Software', 'ISW101', 6, 1),
(13, 'Electrónica Básica', 'ELE101', 5, 1),
(14, 'Termodinámica', 'TER101', 6, 1),
(15, 'Bioquímica', 'BIO102', 5, 2),
(16, 'Derecho Penal I', 'DER102', 6, 3),
(17, 'Microeconomía', 'MIC101', 5, 3),
(18, 'Sociología', 'SOC101', 5, 4),
(19, 'Enfermería General', 'ENF101', 6, 5),
(20, 'Farmacología', 'FAR101', 5, 5);

INSERT INTO Tutoria (id_tutoria, id_asignatura, matricula_tutor, periodo, sala) VALUES
(1, 16, 183469551, 5, 'E-204'),
(2, 12, 220655843, 5, 'D-101'),
(3, 11, 214999378, 3, 'E-202'),
(4, 2, 201095562, 1, 'RA-2001'),
(5, 3, 172119502, 1, 'R-106'),
(6, 15, 208894492, 1, 'E-204'),
(7, 14, 204742242, 3, 'D-101'),
(8, 13, 172542718, 5, 'E-202'),
(9, 1, 175742864, 1, 'RA-2001'),
(10, 4, 186430577, 3, 'R-106');

INSERT INTO alumnos_inscritos_tutoria (matricula_alumno, id_tutoria) VALUES 
(203042270, 1), (199248468, 2), (188780426, 3), (209044873, 4), (220841057, 5),
(194857959, 6), (205300210, 7), (220327364, 8), (194410490, 9), (175979105, 10),
(186945986, 1), (201018312, 2), (182500864, 3), (222214823, 4), (209175269, 5),
(192450451, 6), (182961453, 7), (205444605, 8), (194352501, 9), (181846558, 10),
(208264457, 1), (200333299, 2), (191394611, 3), (213469077, 4), (187818300, 5),
(206532856, 6), (185683628, 7), (213980784, 8), (211627877, 9), (197751913, 10),
(187818300, 1), (206532856, 2), (185683628, 3), (194410490, 4), (175979105, 5),
(186945986, 6), (201018312, 7), (182500864, 8), (203042270, 9), (199248468, 10),
(188780426, 1), (209044873, 2), (220841057, 3), (206532856, 4), (185683628, 5),
(194410490, 6), (175979105, 7), (186945986, 8), (201018312, 9), (182500864, 10);

INSERT INTO Pago (id_pago, fecha_pago, monto_total, matricula_tutor) VALUES
(1, '2023-10-15', 50000, 183469551),
(2, '2023-11-15', 60000, 220655843),
(3, '2024-03-15', 45000, 214999378),
(4, '2024-04-15', 25000, 201095562),
(5, '2024-04-15', 30000, 172119502),
(6, '2024-07-15', 50000, 208894492),
(7, '2024-08-15', 20000, 204742242),
(8, '2024-09-15', 10000, 172542718),
(9, '2024-09-15', 15000, 175742864),
(10, '2024-10-15', 35000, 186430577);
